<?xml version="1.0" encoding="UTF-8"?>
<project-private xmlns="http://www.netbeans.org/ns/project-private/1">
    <editor-bookmarks xmlns="http://www.netbeans.org/ns/editor-bookmarks/2" lastBookmarkId="0"/>
    <open-files xmlns="http://www.netbeans.org/ns/projectui-open-files/2">
        <group>
            <file>file:/C:/Users/Admin/Documents/NetBeansProjects/ACPAfterMid/src/acpaftermid/VoterRegisterGUI.java</file>
            <file>file:/C:/Users/Admin/Documents/NetBeansProjects/ACPAfterMid/src/acpaftermid/LoginGUI.java</file>
            <file>file:/C:/Users/Admin/Documents/NetBeansProjects/ACPAfterMid/src/acpaftermid/DBConnection.java</file>
            <file>file:/C:/Users/Admin/Documents/NetBeansProjects/ACPAfterMid/src/acpaftermid/VotingGUI.java</file>
            <file>file:/C:/Users/Admin/Documents/NetBeansProjects/ACPAfterMid/src/acpaftermid/NomineeMainMenu.java</file>
            <file>file:/C:/Users/Admin/Documents/NetBeansProjects/ACPAfterMid/src/acpaftermid/ElectionResultsGUI.java</file>
            <file>file:/C:/Users/Admin/Documents/NetBeansProjects/ACPAfterMid/src/acpaftermid/VoterMainMenu.java</file>
            <file>file:/C:/Users/Admin/Documents/NetBeansProjects/ACPAfterMid/src/acpaftermid/MainMenu.java</file>
            <file>file:/C:/Users/Admin/Documents/NetBeansProjects/ACPAfterMid/src/acpaftermid/NomineeRegisterGUI.java</file>
            <file>file:/C:/Users/Admin/Documents/NetBeansProjects/ACPAfterMid/src/acpaftermid/Main.java</file>
        </group>
    </open-files>
</project-private>
